{
  "batch_id": "20260423_215833_e2ffe4",
  "config": {
    "profile_path": "src/prompts/roles/elder_profile_1.json",
    "mode": "baseline",
    "max_turns": 3,
    "num_runs": 1
  },
  "runs": [
    {
      "run_index": 0,
      "turn_count": 3,
      "file": "results/batch_test/run_0000_20260423_215833_e2ffe4.jsonl"
    }
  ],
  "aggregate": {
    "interviewee_llm_ms": {
      "mean": 61002.720958334976,
      "p50": 54317.182499999035,
      "p95": 74196.38197530476,
      "p99": 75963.42192866527,
      "min": 52285.7984580005,
      "max": 76405.1819170054,
      "count": 3
    },
    "interviewee_tool_ms": {
      "mean": 0.2500146668656574,
      "p50": 0.21633500364259817,
      "p95": 0.4372840994619764,
      "p99": 0.4569240190903656,
      "min": 0.0718749979569111,
      "max": 0.4618339989974629,
      "count": 3
    },
    "interviewee_total_ms": {
      "mean": 61004.2052359992,
      "p50": 54318.259042000136,
      "p95": 74198.6641410982,
      "p99": 75965.81126101803,
      "min": 52286.75862499949,
      "max": 76407.59804099798,
      "count": 3
    },
    "interviewer_llm_ms": {
      "mean": 25994.201902666344,
      "p50": 27159.149874998548,
      "p95": 33499.15183749945,
      "p99": 34062.70756749953,
      "min": 16619.85933300093,
      "max": 34203.59649999955,
      "count": 3
    }
  },
  "total_turns": 3
}