{
  "batch_id": "20260423_224226_6fac84",
  "config": {
    "profile_path": "src/prompts/roles/elder_profile_1.json",
    "mode": "planner",
    "max_turns": 3,
    "num_runs": 1
  },
  "runs": [
    {
      "run_index": 0,
      "turn_count": 3,
      "file": "results/batch_test/run_0000_20260423_224226_6fac84.jsonl"
    }
  ],
  "aggregate": {
    "interviewee_llm_ms": {
      "mean": 21448.572320000192,
      "p50": 15916.319667001517,
      "p95": 36166.59574289879,
      "p99": 37966.62028297855,
      "min": 10012.77087500057,
      "max": 38416.62641799849,
      "count": 3
    },
    "interviewee_tool_ms": {
      "mean": 0.05801399917496989,
      "p50": 0.0,
      "p95": 0.15663779777241868,
      "p99": 0.17056115757441148,
      "min": 0.0,
      "max": 0.17404199752490968,
      "count": 3
    },
    "interviewee_total_ms": {
      "mean": 21449.07190266652,
      "p50": 15916.4698329987,
      "p95": 36167.56558299967,
      "p99": 37967.662982999755,
      "min": 10013.05854200109,
      "max": 38417.687332999776,
      "count": 3
    },
    "interviewer_llm_ms": {
      "mean": 62825.497472001494,
      "p50": 61146.48812500309,
      "p95": 91490.16174940224,
      "p99": 94187.37718268218,
      "min": 32468.32324999923,
      "max": 94861.68104100216,
      "count": 3
    },
    "extraction_ms": {
      "mean": 6444.958791665461,
      "p50": 6090.3553329990245,
      "p95": 7829.552158299339,
      "p99": 7984.147431659367,
      "min": 5221.724791997985,
      "max": 8022.796249999374,
      "count": 3
    },
    "merge_ms": {
      "mean": 2.299416667180291,
      "p50": 0.22854200142319314,
      "p95": 5.823916700319386,
      "p99": 6.321283340221271,
      "min": 0.22408299992093816,
      "max": 6.445625000196742,
      "count": 3
    },
    "graph_ms": {
      "mean": 0.24006966486922465,
      "p50": 0.19474999862723053,
      "p95": 0.40726249935687514,
      "p99": 0.4261524994217325,
      "min": 0.0945839965424966,
      "max": 0.4308749994379468,
      "count": 3
    },
    "memory_ms": {
      "mean": 0.08722233178559691,
      "p50": 0.06966699947952293,
      "p95": 0.11980419803876428,
      "p99": 0.12426083791069686,
      "min": 0.06662499799858779,
      "max": 0.12537499787868,
      "count": 3
    },
    "coverage_ms": {
      "mean": 0.05226366556598805,
      "p50": 0.047040997742442414,
      "p95": 0.06312849909591023,
      "p99": 0.06455849921621848,
      "min": 0.04483399970922619,
      "max": 0.06491599924629554,
      "count": 3
    }
  },
  "total_turns": 3
}